id,group,img,link,html
1,1,naked_statistics.jpg,https://www.amazon.com/Naked-Statistics-Stripping-Dread-Data/dp/1480590185,"<li class='splide__slide'>
          <div class='book-cover'>
            <div>
              <img src='img/naked_statistics.jpg'/>
              <p><a class=""link"" href='https://www.amazon.com/Naked-Statistics-Stripping-Dread-Data/dp/1480590185' target=""_blank"">Посилання на книгу</a></p>
            </div>   
          </div>
          
          <div class='book-description'>
            <p class='book-title'>Naked Statistics</p>
            <p class='book-author'>Charles Wheelan</p>
            <p>Сфера статистики, яка колись вважалася нудною, стрімко перетворюється на дисципліну, яку Хел Варіан, головний економіст Google, назвав «сексуальною». Від середніх показників і політичних опитувань до ігрових шоу та медичних досліджень — застосування статистичних даних у реальному світі продовжує зростати семимильними кроками. Як ми можемо викрити школи, що обманюють на стандартизованих тестах? Як Netflix знає, які фільми вам сподобаються? Що є причиною зростання захворюваності на аутизм? Як показує автор бестселерів Чарльз Вілан у «Голій статистиці», правильні дані та кілька добре підібраних статистичних інструментів можуть допомогти нам відповісти на ці та інші запитання.</p>  
            <p>Вілан відкидає загадкові та технічні деталі та зосереджується на інтуїції, що стоїть за статистичним аналізом і керує ним. Він роз’яснює ключові поняття, такі як висновки, кореляцію та регресійний аналіз, розкриває те, як упереджені чи недбалі партії можуть маніпулювати даними чи спотворювати їх, і показує, як блискучі та креативні дослідники використовують цінні дані природних експериментів для вирішення гострих питань.</p>              
            <p>Ви зіткнетеся з кмітливими маркетологами пива Schlitz, які використовують основні поняття ймовірності, міжнародним фестивалем ковбас, який висвітлює положення центральної граничної теореми, і головоломним вибором зі знаменитого ігрового шоу Let's Make a Deal — і кожного разу в вас виникатимуть ідеї. Дотепність, доступність та просто веселощі, перетворили Naked Economics на бестселер, Вілан знову руйнує стереотипи, робить живою ще одну важливу, раніше негламурну дисципліну.</p>              
            </p>
          </div>          
        </li>"
2,1,how_not_to_be_wrong.jpg,https://www.amazon.com/How-Not-Be-Wrong-Mathematical/dp/0143127535/ref=sr_1_1?crid=2UKUZGYMNZ5R5&keywords=how+not+to+be+wrong&qid=1639163261&s=books&sprefix=How+not+to+be+wrong%2Cstripbooks-intl-ship%2C242&sr=1-1,"<li class='splide__slide'>
          <div class='book-cover'>
            <div>
              <img src='img/how_not_to_be_wrong.jpg'/>
              <p><a class=""link"" href='https://www.amazon.com/How-Not-Be-Wrong-Mathematical/dp/0143127535/ref=sr_1_1?crid=2UKUZGYMNZ5R5&keywords=how+not+to+be+wrong&qid=1639163261&s=books&sprefix=How+not+to+be+wrong%2Cstripbooks-intl-ship%2C242&sr=1-1' target=""_blank"">Посилання на книгу</a></p>
            </div>   
          </div>
          
          <div class='book-description'>
            <p class='book-title'>How not to be wrong</p>
            <p class='book-author'>Jordan Ellenberg</p>
           <p>Математика, яку ми вчимо в школі, може здаватися нудним набором правил, встановлених в давнину і незаперечних. У &laquo;Як не помилятися&raquo; Джордан Елленберг показує нам, як страшно обмежує така точка зору: математика не зводится до абстрактних подій, які ніколи не трапляються в реальному житті, а скоріше торкається всього, що ми робимо, &mdash; увесь світ пронизаний нею.</p>
<p>Математика дозволяє нам побачити структури приховані під безладною та хаотичною поверхнею нашого світу. Це наука не помилятися, здобута століттями наполегливої роботи та суперечок. Озброївшись інструментами математики, ми можемо зрозуміти справжнє значення інформації, що ми сприймаємо її як належне: наскільки завчасно ви повинні прибути в аеропорт? Що насправді представляє &laquo;громадська думка&raquo;? Чому у високих батьків діти нижчі? Хто дійсно переміг у Флориді в 2000 році? І яка у вас насправді ймовірність розвитку раку?</p>
<p>&laquo;Як не помилятися&raquo; розповідає про дивовижні одкровення, що стоять за всіма цими та багатьма іншими питаннями, використовуючи метод математика, який аналізує життя та розкриває неспеціалістам важко здобуті ідеї академічної спільноти &mdash; за винятком жаргону. Елленберг відслідковує математичні потоки в широкому діапазоні часу і простору, від повсякденного до космічного, включаючи, серед іншого, бейсбол, Рейганоміку, зухвалі схеми лотереї, Вольтера, кризу відтворюваності в психології, живопис італійського Відродження, штучні мови, розвиток неевклідової геометрії, майбутній апокаліпсис ожиріння, погляди Антоніна Скаліа на злочин і покарання, психологію слизових плісняв, те, що може і не може зрозуміти про вас Facebook та існування Бога.</p>
<p>Елленберг спирається на історію, а також на останні теоретичні розробки, щоб забезпечити тих, хто не має спеціальної підготовки з математики, потрібними знаннями. Математика, як каже Елленберг, &mdash; це &laquo;протез на атомній енергії, який ви прилаштовуєте до здорового глузду, значно розширюючи радіус його дії та потужність&raquo;. Маючи під рукою інструменти математики, ви можете зрозуміти світ глибше і змістовніше. &ldquo;Як не помилятися&rdquo; підкаже вам, як.</p>           
            </p>
          </div>          
        </li>"
3,1,statistics_unplugged.jpg,https://www.amazon.com/Statistics-Unplugged-Sally-Caldwell-ebook-dp-B00B6FKCWY/dp/B00B6FKCWY/ref=mt_other?_encoding=UTF8&me=&qid=,"<li class='splide__slide'>
          <div class='book-cover'>
            <div>
              <img src='img/statistics_unplugged.jpg'/>
              <p><a class=""link"" href='https://www.amazon.com/Statistics-Unplugged-Sally-Caldwell-ebook-dp-B00B6FKCWY/dp/B00B6FKCWY/ref=mt_other?_encoding=UTF8&me=&qid=' target=""_blank"">Посилання на книгу</a></p>
            </div>   
          </div>
          
          <div class='book-description'>
            <p class='book-title'>Statistics unplugged</p>
            <p class='book-author'>Sally Caldwell</p>
         <p>Вивчайте статистику легко зі STATISTICS UNPLUGGED! Ця практична книга, написана легким і зрозумілим стилем, позбавляє страху перед статистичними даними і допомагає зрозуміти, наскільки вони тісно співвідносяться з вашим життя. Цікаві приклади, якими наповнена книга дозволять побачити, що насправді відбувається з числами, а не бути перевантаженим ними.</p>    
            </p>
          </div>          
        </li>"
4,1,datastyle-1.jpg,https://worldpece.org/sites/default/files/datastyle.pdf,"<li class='splide__slide'>
          <div class='book-cover'>
            <div>
              <img src='img/datastyle-1.jpg'/>
              <p><a class=""link"" href='https://worldpece.org/sites/default/files/datastyle.pdf' target='_blank'>Книга доступна онлайн</a></p>
            </div>   
          </div>
          
          <div class='book-description'>
            <p class='book-title'>The Elements of Data Analytic Style</p>
            <p class='book-author'>Jeff Leek</p>
        <p>Різка зміна ціни та доступності даних вимагає нового погляду на грамотність в аналізі даних. Ця книга призначена для тих, хто регулярно аналізує дані. Вона має на меті коротко викласти ключові ідей, практики та підводні камені сучасного аналізу даних. Одна ціль &ndash; резюмувати найпоширеніші труднощі, з якими стикаються практикуючі аналітики даних. Книга може служити орієнтиром для рецензентів, які вільні посилатися на номери окремих розділів під час оцінювання рукописів.</p>
<p>Тут міститься базовий список для перевірки, який може бути корисним як посібник для аналітиків-початківців або в оцінюванні аналізу даних. Авто використовував її для оцінки учнівських проектів на курсі з аналізу даних. І список для перевірки, і сама</p>
<p>книга охоплює невелику частину області аналізу даних, але з досвіду автора, після засвоєння цих елементів, аналітики даних отримують значно більше від власного практичного досвіду у своїй дисципліні, багато з принципів не виходять за межі основних.</p>
<p>Якщо ви хочете більш повний вступ до аналізу даних, одним з варіантів є <a href=""https://www.coursera.org/specializations/jhu-data-science"" target='_blank'>безкоштовний курс</a> Джона Хопкінса.</p>         
          </div>          
        </li>"
5,2,funktsionalne-mystetstvo.jpeg,https://nashformat.ua/products/funktsionalne-mystetstvo-vstup-do-infografiky-ta-vizualizatsii-705846,"<li class='splide__slide'>
          <div class='book-cover'>
            <div>
              <img src='img/funktsionalne-mystetstvo.jpeg'/>
              <p><a class=""link"" href='https://nashformat.ua/products/funktsionalne-mystetstvo-vstup-do-infografiky-ta-vizualizatsii-705846' target='_blank'>Посилання на книгу</a></p>
            </div>   
          </div>
          
          <div class='book-description'>
            <p class='book-title'>The functional art</p>
            <p class='book-author'>Alberto Cairo</p>
        <p>Сьогодні ми маємо доступ до настільки величезної кількості безкоштовної інформації, як ніколи до цього. За допомогою правильних інструментів ми можемо почати розуміти всі ці дані, щоб побачити закономірності та тенденції, які інакше були б для нас невидимими. Перетворюючи числа в графічні фігури, ми даємо можливість читачам зрозуміти історії, які приховують ці числа. У цьому практичному вступі до розуміння та використання інформаційної графіки ви дізнаєтеся, як використовувати візуалізацію даних як інструменти для бачення поза межами списків чисел і змінних, та отримання нового уявлення про складний світ навколо нас. Незалежно від типу даних, з якими ви працюєте &ndash; бізнес, наука, політика, спорт чи навіть ваші власні фінанси, &ndash; ця книга покаже вам, як використовувати статистичні графіки, карти та діаграми пояснення, щоб виявляти історії в даних і дізнаватися з них про нове.</p>
<p>Ви також зможете зазирнути в творчий процес деяких із найталановитіших світових дизайнерів і візуальних журналістів, зокрема Джона Грімвейда з Cond&eacute; Nast Traveller, Фернандо Баптисти з National Geographic, Стіва Дьюнеса з The New York Times, Ханни Ферфілд з The Washington Post, Ганс Рослінг з Gapminder Foundation, Джефф МакГі зі Стенфорду та європейські суперзірки Моріц Стефанер, Ян Віллем Тулп, Стефані Посавец і Грегор Айш.&nbsp;</p>
<p>&laquo;Функціональне мистецтво&raquo; &mdash; перша книга, яка пропонує широкий практичний вступ до інформаційної графіки та візуалізації:</p>
<ul>
<li>Чому візуалізацію даних слід розглядати як &laquo;функціональне мистецтво&raquo;, а не як образотворче мистецтво</li>
<li>Як використовувати колір, тип та інші графічні інструменти, щоб зробити вашу інформаційну графіку ефективною, а не просто симпатичною</li>
<li>Наука про те, як наш мозок сприймає та запам'ятовує інформацію</li>
<li>Найкращі методи створення інтерактивної інформаційної графіки</li>
<li>Комплексний погляд на творчий процес, що стоїть за успішною інформаційною графікою</li>
<li>Велика галерея натхненних робіт від провідних світових дизайнерів і візуальних художників</li>
</ul>
          </div>          
        </li>"
6,2,data_points.png,https://www.amazon.com/Data-Points-Visualization-Means-Something/dp/111846219X,"<li class='splide__slide'>
          <div class='book-cover'>
            <div>
              <img src='img/data_points.png'/>
              <p><a class=""link"" href='https://www.amazon.com/Data-Points-Visualization-Means-Something/dp/111846219X' target='_blank'>Посилання на книгу</a></p>
            </div>   
          </div>
          
          <div class='book-description'>
            <p class='book-title'>Data Points: Visualization That Means Something</p>
            <p class='book-author'>Nathan Yau</p>
    <p>Незалежно від того, чи це статистичні діаграми, географічні карти чи графіки, які ви бачите на своїх улюблених новинних сайтах, мистецтво графіки даних чи візуалізації швидко стає окремим напрямом. У &laquo;Data Points: Visualization That Means Something&raquo; автор Натан Яу представляє інтригуюче доповнення до свого бестселера &laquo;VisualizeThis&raquo;, цього разу зосереджуючись на графічній стороні аналізу даних. Використовуючи приклади з мистецтва, дизайну, бізнесу, статистики, картографії та онлайн-медіа, він досліджує як стандартні, так і не зовсім стандартні концепції та ідеї щодо ілюстрації даних.</p>
<ul>
<li>Містить інтригуючі ідеї від Натана Яу, автора VisualizeThis і творця flowingdata.com, що має понад 66 000 підписників</li>
<li>Зосереджується на візуалізації, графічних даних, які допомагають глядачам бачити тенденції та закономірності, які вони інакше не побачили б у таблиці</li>
<li>Включає приклади з власних ілюстрацій автора, а також від професіоналів у галузі статистики, мистецтва, дизайну, бізнесу, інформатики, картографії тощо</li>
<li>Вивчає стандартні правила для всіх програм візуалізації, а потім досліджує, коли і де можна порушити ці правила</li>
</ul>
          </div>          
        </li>"
7,2,Fundamentals_of_Data_Visualization.png,https://clauswilke.com/dataviz/introduction.html,"<li class='splide__slide'>
          <div class='book-cover'>
            <div>
              <img src='img/Fundamentals_of_Data_Visualization.png'/>
              <p><a class='link' href='https://clauswilke.com/dataviz/introduction.html' target='_blank'>Книга доступна онлайн</a></p>
            </div>   
          </div>
          
          <div class='book-description'>
            <p class='book-title'>Fundamentals of Data Visualization</p>
            <p class='book-author'>Claus O. Wilke</p>
    <p>Ефективна візуалізація є найкращим способом передачі інформації з наборів даних у природничих і соціальних науках, які стають все більшими і складнішими. Зі зростанням потужності програмного забезпечення для візуалізації сьогодні науковцям, інженерам та бізнес-аналітикам часто доводиться орієнтуватися у вражаючому наборі варіантів візуалізації.</p>
<p>Ця практична книга допоможе вам розібратися з багатьма поширеними проблемами візуалізації та дасть рекомендації щодо того, як перетворити великі набори даних у чіткі та переконливі зображення. Який тип візуалізації найкраще підходить для історії, яку ви хочете розповісти? Як зробити інформативні патерни, які будуть візуально приємними? Автор Клаус О. Вілке навчить вас елементам, які є найважливішими для успішної візуалізації даних.</p>
<ul>
<li>Дослідіть основні поняття кольору як інструменту виділення, розрізнення або представлення значення</li>
<li>Зрозумійте важливість надлишкового кодування для представлення ключової інформації кількома способами</li>
<li>Використовуйте каталог візуалізацій у книгзі, графічний посібник із поширеними типами візуалізації даних</li>
<li>Отримайте багато хороших і поганих прикладів</li>
<li>Дізнайтеся, як ефективно використовувати візуалізації в документах або звітах, щоб розповісти переконливу історію</li>
</ul>
          </div>          
        </li>"
8,2,the_grammar_of_graphics.jpg,https://www.amazon.com/Grammar-Graphics-Statistics-Computing/dp/0387245448,"<li class='splide__slide'>
          <div class='book-cover'>
            <div>
              <img src='img/the_grammar_of_graphics.jpg'/>
              <p><a class='link' href='https://www.amazon.com/Grammar-Graphics-Statistics-Computing/dp/0387245448' target='_blank'>Посилання на книгу</a></p>
            </div>   
          </div>
          
          <div class='book-description'>
            <p class='book-title'>The grammar of graphics</p>
            <p class='book-author'>Leland Wilkinson</p>
    <p>Ця книга була написана для статистиків, комп&rsquo;ютерних науковців, географів, дослідників та інших зацікавлених у візуалізації даних. Вона представляє собою унікальну базу для створення практично будь-якого з кількісних графіків, що вам трапляються в наукових журналах, газетах, статистичних підбірках і системах візуалізації даних. Поза тим, що основним результатами цієї роботи стала поява кількох бібліотек програмного забезпечення для візуалізації, ця книга зосереджена на глибинних структурах, задіяних у створенні кількісної графіки з даних. Які правила лежать в основі створення кругових та стовпчикових графіків, діаграм розсіювання, графіків функцій, карт, мозаїк та радіальних діаграм? Ті, хто менше цікавиться теоретичними та математичними основами, тим не менш зможуть розібратися у багатстві та структурі системи, досліджуючи численні й часто унікальні кольорові графіки, які вона може створити.</p>
          </div>          
        </li>"
9,2,The_Visual_Display_of_Quantitative_Information.jpg,https://www.amazon.com/Visual-Display-Quantitative-Information/dp/1930824130,"<li class='splide__slide'>
          <div class='book-cover'>
            <div>
              <img src='img/The_Visual_Display_of_Quantitative_Information.jpg'/>
              <p><a class='link' href='https://www.amazon.com/Visual-Display-Quantitative-Information/dp/1930824130' target='_blank'>Посилання на книгу</a></p>
            </div>   
          </div>
          
          <div class='book-description'>
            <p class='book-title'>The Visual Display of Quantitative Information</p>
            <p class='book-author'>Edward Tufte</p>
   <p>Класична книга про статистичну графіку, діаграми, таблиці. Теорія та практика по розробці графіків з даних, 250 ілюстрацій найкращих (і кількох найгірших) статистичних графіків із детальним аналізом того, як відображати дані для точного, ефективного та швидкого аналізу. Дизайн представлення у високій роздільній здатності, малих множин. Редагування та покращення графіків. Співвідношення даних і чорнила. Часові ряди, реляційна графіка, карти даних, багатоваріантні проекти. Виявлення графічного викривлення: варіації дизайну проти варіації даних. Джерела викривлень. Естетика і відображення графічних даних.</p>
          </div>          
        </li>"
10,3,the-truthful-art.jpg,https://www.amazon.com/Truthful-Art-Data-Charts-Communication/dp/0321934075,"<li class='splide__slide'>
          <div class='book-cover'>
            <div>
              <img src='img/the-truthful-art.jpg'/>
              <p><a class='link' href='https://www.amazon.com/Truthful-Art-Data-Charts-Communication/dp/0321934075' target='_blank'>Посилання на книгу</a></p>
            </div>   
          </div>
          
          <div class='book-description'>
            <p class='book-title'>The truthful art</p>
            <p class='book-author'>Alberto Cairo</p>
<p>Щодня на роботі, вдома та в школі нас бомбардують величезною кількістю безкоштовних даних, які збираються і поширюються усіма і усім, від наших колег до наших лічильників калорій. У цьому довгоочікуваному продовженні &ldquo;Фукціонального мистецтва&rdquo;―фундаментального посібника Альберто Каїро з розуміння інфографіки та візуалізації―відомий професор чітко пояснює, як працювати з даними, знаходити приховані історії та ділитися ними зі світом у вигляді діаграм, карт та інфографіки. У &laquo;Правдивому мистецтві&raquo; Каїро перетворює елементарні принципи даних і наукового підходу на інструменти, якими можна послуговуватися в повсякденному житті для інтерпретації наборів даних і виокремлення в них історій.</p>
<p>&nbsp;&laquo;Правдиве мистецтво&raquo; пояснює:</p>
<ul>
<li>Роль інфографіки та візуалізації даних у нашому світі</li>
<li>Основні принципи даних і наукового підходу, якими може оволодіти кожен</li>
<li>Як покращити критичне мислення</li>
<li>Покрокові процеси, які допоможуть вам оцінити будь-яку візуалізацію даних (включаючи вашу власну)</li>
<li>Як створювати та використовувати ефективні графіки та карти, щоб пояснити дані будь-якій аудиторії.</li>
</ul>
<p>&laquo;Правдиве мистецтво&raquo; також насичено натхненними та навчальними прикладами візуалізації даних з реального життя від таких провідних видань, як The New York Times, The Wall Street Journal, Estado de S&atilde;o Paulo (Бразилія), Berliner Morgenpost (Німеччина) та багатьох інших.</p>
  
          </div>          
        </li>"
11,3,HowChartsLie.jpg,https://www.amazon.com/How-Charts-Lie-Getting-Information/dp/1324001569,"<li class='splide__slide'>
          <div class='book-cover'>
            <div>
              <img src='img/HowChartsLie.jpg'/>
              <p><a class='link' href='https://www.amazon.com/How-Charts-Lie-Getting-Information/dp/1324001569' target='_blank'>Посилання на книгу</a></p>
            </div>   
          </div>
          
          <div class='book-description'>
            <p class='book-title'>How charts lie</p>
            <p class='book-author'>Alberto Cairo</p>
<p>Провідний експерт із візуалізації даних досліджує негативний і позитивний вплив графіків на наше сприйняття істини.</p>
<p>Сьогодні публічні дискусії все більше спираються на цифри. Хоча інфографіки та діаграми можуть зробити нас розумнішими, вони також можуть обманювати &mdash; навмисно чи ненавмисно. Щоб бути поінформованими громадянами, ми всі повинні вміти розшифровувати та використовувати візуальну інформацію, яку нам щодня подають політики, журналісти та навіть роботодавці. Демістифікуючи відносно новий вид грамотності для нашого світу, який рушать дані, <em>How Charts Lie</em> розглядає сучасні приклади, починаючи від інфографіки результатів виборів до карт глобального ВВП і касових рекордів, а також оновлену післямову про графіку пандемії COVID-19.</p>
<p>175 ілюстрацій</p>
          </div>          
        </li>"
12,3,visualize_this.jpg,https://www.amazon.com/Visualize-This-FlowingData-Visualization-Statistics/dp/0470944889,"<li class='splide__slide'>
          <div class='book-cover'>
            <div>
              <img src='img/visualize_this.jpg'/>
              <p><a class='link' href='https://www.amazon.com/Visualize-This-FlowingData-Visualization-Statistics/dp/0470944889' target='_blank'>Посилання на книгу</a></p>
            </div>   
          </div>
          
          <div class='book-description'>
            <p class='book-title'>Visualize this</p>
            <p class='book-author'>Nathan Yau</p>
<p>Практичні поради щодо дизайну даних від сучасного експерта з візуалізації даних.</p>
<p>Дані не зменшуються; вони постійно збільшуються, і їх може бути непросто організувати таким чином, щоб це було зрозуміло для цільової аудиторії. Хіба не було б чудово, якби можна було дійсно візуалізувати дані таким чином, щоб ми могли максимально розкрити їх потенціал і розповісти історію в чіткій, стислій формі? Завдяки творчому генію Натана Яу ми можемо. У цій повнокольоровій книзі гуру візуалізації даних і автор Натан Яу використовує покрокові інструкції, щоб показати вам, як візуалізувати та розповідати історії даними. Він пояснює, як зібрати, проаналізувати та відформатувати дані, а потім створити високоякісну графіку, яка допоможе вам досліджувати та представляти закономірності, відхилення та зв&rsquo;язки.</p>
<p>Книга представляє унікальний підхід до візуалізації та оповідання історій даними від експерта з візуалізації даних і творця flowingdata.com Натана Яу.</p>
<ul>
<li>Пропонує покрокові інструкції та практичні поради щодо створення статистичних графіків, географічних карт та інформаційного дизайну, щоб знайти значення в числах</li>
<li>Докладні відомості про інструменти, які можна використовувати для візуалізації графічних даних для веб-сайтів, таких як ActionScript, Flash-бібліотеки, PHP і JavaScript, а також інструменти для створення графіки для друку, такі як R і Illustrator</li>
<li>Містить численні приклади та описи патернів і відхилень від них і пояснює, як їх показати</li>
<li><em>Visualize This</em> демонструє, як пояснити дані візуально, щоб ви могли представити свою інформацію у легкий для розуміння та привабливий спосіб.</li>
</ul>
  
          </div>          
        </li>"
13,3,storytelling.jpg,https://www.amazon.com/Storytelling-Data-Visualization-Business-Professionals/dp/1119002257,"<li class='splide__slide'>
          <div class='book-cover'>
            <div>
              <img src='img/storytelling.jpg'/>
              <p><a class='link' href='https://www.amazon.com/Storytelling-Data-Visualization-Business-Professionals/dp/1119002257' target='_blank'>Посилання на книгу</a></p>
            </div>   
          </div>
          
          <div class='book-description'>
            <p class='book-title'>Storytelling with data</p>
            <p class='book-author'>Cole Nussbaumer Knaflic</p>
<p>Не просто показуйте свої дані &ndash; розкажіть ними історію!</p>
<p><em>Storytelling with Data</em> навчить вас основ візуалізації даних і того, як ефективно спілкуватися з даними. Ви відкриєте для себе силу оповідання і спосіб зробити дані ключовим моментом у вашій історії. Уроки в цьому яскравому тексті ґрунтуються на теорії, але продемонстровані через численні приклади з реального світу &mdash; готові до негайного використання для вашого наступного графіку чи презентації.</p>
<p>Вміння розповідати не є вродженою навичкою, особливо коли мова йде про візуалізацію даних, а інструменти, які є в нашому розпорядженні, не полегшують задачу. Ця книга демонструє, як вийти за межі звичайних інструментів, щоб дістатися до кореня ваших даних, і як використовувати ваші дані для створення цікавої, інформативної та переконливої історії. Зокрема, ви дізнаєтеся, як:</p>
<ul>
<li>Зрозуміти важливість контексту та аудиторії</li>
<li>Визначити відповідний тип графіка для вашої ситуації</li>
<li>Розпізнайти та усунути безлад, який засмічує вашу інформацію</li>
<li>Спрямувати увагу аудиторії на найважливіші частини ваших даних</li>
<li>Думати як дизайнер і використовувати концепції дизайну для візуалізації даних</li>
<li>Використовувати силу розповіді, щоб допомогти вашому повідомленню резонувати з аудиторією</li>
</ul>
<p>Усі уроки, наведені в цій книзі, допоможуть вам перетворити дані на вражаючі візуальні історії, які запам&rsquo;ятаються вашій аудиторії. Приберіть зі свого світу неефективні графіки, що вибухають круговими 3D діаграмами. У ваших даних є історія &mdash; <em>Storytelling with Data</em> дасть вам навички та силу, щоб розповісти її.</p>
          </div>          
        </li>"
14,4,Visualization_analysys_design.jpg,https://www.amazon.com/Visualization-Analysis-Design-AK-Peters/dp/1466508914,"<li class='splide__slide'>
          <div class='book-cover'>
            <div>
              <img src='img/Visualization_analysys_design.jpg'/>
              <p><a class='link' href='https://www.amazon.com/Visualization-Analysis-Design-AK-Peters/dp/1466508914' target='_blank'>Посилання на книгу</a></p>
            </div>   
          </div>
          
          <div class='book-description'>
            <p class='book-title'>Visualization analysis and design</p>
            <p class='book-author'>Tamara Munzner</p>
<p><em>Visualization Analysis and Design</em>забезпечує систематичну, всеохоплюючу структуру для мислення про візуалізацію з точки зору принципів і вибору дизайну. У книзі представлено єдиний підхід, що охоплює методи візуалізації інформації для абстрактних даних, методи наукової візуалізації для просторових даних і методи візуальної аналітики для поєднання трансформації та аналізу даних з інтерактивним візуальним дослідженням. Вона робить акцент на ретельній перевірці ефективності та розгляду спершу функції, а потім форми.</p>
<p>У книзі дизайн візуалізації розбивається на три питання:<em> які</em> дані мають бачити користувачі, <em>чому</em> користувачі повинні виконати певні завдання та <em>як</em> створити та керувати варіантами візуального рішення. Вона розповідає читачам про використання простору та кольору для візуального кодування даних, компроміси між змінами в одному представленні та використанням кількох пов&rsquo;язаних представлень, а також способи зменшення кількості даних, які відображаються в кожному з них. Книга закінчується шістьма детально проаналізованими прикладами з повною структурою.</p>
<p>Книга підходить для широкого кола читачів, від початківців до більш досвідчених дизайнерів візуалізації. Вона не передбачає жодного попереднього досвіду програмування, математики, взаємодії людини з комп&rsquo;ютером чи графічним дизайном і може бути використана у вступному курсі візуалізації на рівні магістратури або бакалавра.</p>
  
          </div>          
        </li>"
15,4,InformationVisualizationPerceptionforDesign.jpg,https://www.amazon.com/Information-Visualization-Perception-Interactive-Technologies/dp/0123814642,"<li class='splide__slide'>
          <div class='book-cover'>
            <div>
              <img src='img/InformationVisualizationPerceptionforDesign.jpg'/>
              <p><a class='link' href='https://www.amazon.com/Information-Visualization-Perception-Interactive-Technologies/dp/0123814642' target='_blank'>Посилання на книгу</a></p>
            </div>   
          </div>
          
          <div class='book-description'>
            <p class='book-title'>Information Visualization: Perception for Design</p>
            <p class='book-author'>Colin Ware</p>
<p>Більшість дизайнерів знають, що жовтий текст на синьому фоні, читається чітко і легко, але чи багато хто з них може пояснити, чому і які насправді найкращі способи допомогти іншим і нам самим чітко побачити ключові закономірності в купі даних? Коли ми використовуємо програмне забезпечення, отримуємо доступ до веб-сайту або переглядаємо ділову чи наукову графіку, наше розуміння значно покращується або ускладнюється через те, як подається інформація.</p>
<p>Ця книга досліджує мистецтво і науку про те, чому ми бачимо предмети так, як ми бачимо. Базуючись на науці про сприйняття та бачення, автор демонструє на широкому колі застосування як працюють ключові принципи, які призводять до покращення чіткості, корисності та переконливості візуалізації. Книга пропонує практичні рекомендації, які може застосувати будь-хто: дизайнери інерактиву, графічні дизайнери всіх видів (включаючи веб-дизайнерів), збирачі даних та фінансові аналітики.</p>
  
          </div>          
        </li>"
16,4,Envisioning_Information.jpg,https://www.amazon.com/Envisioning-Information-Edward-R-Tufte/dp/0961392118,"<li class='splide__slide'>
          <div class='book-cover'>
            <div>
              <img src='img/Envisioning_Information.jpg'/>
              <p><a class='link' href='https://www.amazon.com/Envisioning-Information-Edward-R-Tufte/dp/0961392118' target='_blank'>Посилання на книгу</a></p>
            </div>   
          </div>
          
          <div class='book-description'>
            <p class='book-title'>Envisioning Information</p>
            <p class='book-author'>Edward Rolf Tufte</p>
<p>Ця книга оспівує втечу з рівнин як паперу, так і комп&rsquo;ютерного екрану, показуючи чудові втілення складних даних великого розміру. Найбільш орієнтована на дизайн з книг Едварда Тафті, <em>Envisioning Information</em> показує карти, графіки, наукові презентації, діаграми, комп&rsquo;ютерні інтерфейси, статистичні графіки та таблиці, стереофотографії, путівники, експонати із зали суду, розклади, використання кольору, спливаючих вікон та багато інших чудових відображень інформації. Книга містить практичні поради щодо того, як пояснити складний матеріал візуальними засобами, з надзвичайними прикладами, що ілюструють фундаментальні принципи відображення інформації. Теми включають втечу з площини, колір та інформацію, мікро-/макро-дизайн, розшарування та поділ, малі множини та наративи. Книга отримала 17 нагород за дизайн та зміст.&nbsp;</p>
  
          </div>          
        </li>"
17,4,Data-Visualisation.jpg,https://www.amazon.com/Data-Visualisation-Handbook-Driven-Design/dp/1473912148,"<li class='splide__slide'>
          <div class='book-cover'>
            <div>
              <img src='img/Data-Visualisation.jpg'/>
              <p><a class='link' href='https://www.amazon.com/Data-Visualisation-Handbook-Driven-Design/dp/1473912148' target='_blank'>Посилання на книгу</a></p>
            </div>   
          </div>
          
          <div class='book-description'>
            <p class='book-title'>Data Visualisation</p>
            <p class='book-author'>Andy Kirk</p>
<p>У цьому новому виданні є понад 200 зображень і розгорнуті приклади як робити і як не робити. Це все, що потрібно студентам і вченим, щоб розуміти та створювати ефективні візуалізації даних.</p>
<p>Поєднуючи інструкцію &laquo;як думати&raquo; з ментальністю &laquo;як створювати&raquo;, ця книга крок за кроком веде читачів від аналізу, дизайну та збирання інформації до корисних, ефективних інструментів спілкування.</p>
<p>Завдяки цій книзі та її широкій онлайн-підтримці читачі можуть:</p>
<p>- Вирішіть, які візуалізації найкраще підходять для їхніх даних та аудиторії, використовуючи галерею графіків</p>
<p>- Подивіться на візуалізацію даних у дії та вивчіть інструменти, щоб спробувати самостійно</p>
<p>- Слідувати перевірочним онлайн спискам, навчальним посібникам та вправам, щоб розвивати навички та впевненість</p>
<p>- Отримати поради від провідного тренера з візуалізації даних у Великобританії щодо всього, від основ до відточування ремесла.</p>
  
          </div>          
        </li>"
18,5,how_maps_lie.jpg,https://www.amazon.com/How-Maps-Third-Mark-Monmonier/dp/022643592X,"<li class='splide__slide'>
          <div class='book-cover'>
            <div>
              <img src='img/how_maps_lie.jpg'/>
              <p><a class='link' href='https://www.amazon.com/How-Maps-Third-Mark-Monmonier/dp/022643592X' target='_blank'>Посилання на книгу</a></p>
            </div>   
          </div>
          
          <div class='book-description'>
            <p class='book-title'>How to lie with maps</p>
            <p class='book-author'>Mark Monmonier</p>
<p>Спершу опубліковане із широким визнанням, це живе, влучно ілюстроване есе про використання та зловживання картами вчить нас критично оцінювати карти та сприяє здоровому скептицизму щодо цих моделей реальності, якими так просто зманіпулювати. Монмоньє показує, що, незважаючи на свою величезну цінність, карти брешуть. Насправді їм доводиться.</p>
<p>Друге видання оновлено двома новими розділами, 10 кольоровими ілюстраціями та новою передмовою відомого географа Х. Дж. де Блія. Один новий розділ досліджує роль національних інтересів і культурних цінностей у національних картографічних організаціях, включаючи Геологічну службу США, а другий &mdash; новий тип мультимедійних комп&rsquo;ютерних карт.</p>
<p>Щоб показати, як карти спотворюють, Монмоньє вводить основні принципи картографування, наводить цікаві приклади неправильного використання карт: від суперечок щодо зонування до звітів про перепис, і охоплює всі типові види викривлень від навмисного спрощення до оманливого використання кольору.</p>
  
          </div>          
        </li>"
19,5,Thematic_cartography.jpg,https://www.amazon.com/Terry-A-Slocum/e/B001H6TW6E?ref=sr_ntt_srch_lnk_1&qid=1597005258&sr=1-1,"<li class='splide__slide'>
          <div class='book-cover'>
            <div>
              <img src='img/Thematic_cartography.jpg'/>
              <p><a class='link' href='https://www.amazon.com/Terry-A-Slocum/e/B001H6TW6E?ref=sr_ntt_srch_lnk_1&qid=1597005258&sr=1-1' target='_blank'>Посилання на книгу</a></p>
            </div>   
          </div>
          
          <div class='book-description'>
            <p class='book-title'>Thematic Cartography and Geovisualization</p>
            <p class='book-author'>Terry A. Slocum</p>
<p>Цей всеосяжне видання поєднує широке охоплення основних методів символізації просторових даних і вступ до передових методів візуалізації даних. Пропонує чіткі описи різних аспектів ефективного дизайну карт, з акцентом на практичне застосування теорій проектування та належне використання елементів карти. Чітко розділяє різні підходи у символізації просторових даних, також і в індивідуальних методах картографування. Це видання містить оновлений матеріал з історії тематичної картографії, карт і суспільства, масштабу та узагальнення, а також картограм і картографування потоків. Для тих, хто хоче дізнатися більше про картографію.</p>
  
          </div>          
        </li>"
20,6,"interactive-data-visualization.jpg
",https://alignedleft.com/tutorials/d3,"<li class='splide__slide'>
          <div class='book-cover'>
            <div>
              <img src='img/interactive-data-visualization.jpg'/>
              <p><a class='link' href='https://alignedleft.com/tutorials/d3' target='_blank'>Книга є у вільному доступі</a></p>
            </div>   
          </div>
          
          <div class='book-description'>
            <p class='book-title'>Interactive Data visualization for web</p>
            <p class='book-author'>Scott Murray</p>
<p>Створюйте та публікуйте власні проекти інтерактивної візуалізації даних online, навіть якщо у вас мало або зовсім немає досвіду візуалізації даних або веб-розробки. З цим практичним вступом це буде натхненно, весело та доступно. Це повністю оновлене та розширене друге видання ознайомить вас із основними концепціями та методами D3, найпотужнішої бібліотеки JavaScript для візуального відображення даних у веб-браузері.</p>
<p>Цей покроковий посібник ідеально підходить для дизайнерів, які не мають досвіду програмування, репортерів, які вивчають журналістику даних, і всіх, хто хоче візуалізувати дані та поділитися ними, а також допоможе вам розширити свої навички веб-програмування, навчаючи вас основам HTML, CSS, JavaScript. і SVG.</p>
<ul>
<li>Вивчайте D3 4.x &mdash; останню версію D3 &mdash; із кодом, який можна завантажити і понад 140 прикладами</li>
<li>Створюйте стовпчикові, точкові та кругові діаграми, гістограми, динамічні графи мереж</li>
<li>Використовуйте плавні анімовані переходи, щоб відобразити зміни в даних</li>
<li>Введіть інтерактивність, щоб допомогти користувачам досліджувати ваші дані</li>
<li>Створюйте власні географічні карти з масштабуванням, мітками та підказками</li>
<li>Пройдіться по створенню проекту візуалізації від початку до кінця</li>
<li>Досліджуйте надихаючі приклади з дев&rsquo;ятьма досвідченими дизайнерами, які розповідають про свої проекти на базі D3</li>
</ul>
  
          </div>          
        </li>"
21,6,D3.js_in_action.png,https://www.oreilly.com/library/view/d3js-in-action/9781617294488/,"<li class='splide__slide'>
          <div class='book-cover'>
            <div>
              <img src='img/D3.js_in_action.png'/>
              <p><a class='link' href='https://www.oreilly.com/library/view/d3js-in-action/9781617294488/' target='_blank'>Посилання на книгу</a></p>
            </div>   
          </div>
          
          <div class='book-description'>
            <p class='book-title'>D3.js in action</p>
            <p class='book-author'>Elijah Meeks</p>
<p><em>D3.js in Action</em>, друге видання повністю переглянуте та оновлене для D3 v4 та ES6. Це практичний посібник зі створення інтерактивної графіки та програм на основі даних за допомогою D3.</p>
<p>Візуалізувати складні дані важко. Візуалізація складних даних в інтернеті майже неможлива без D3.js. D3 &mdash; це бібліотека JavaScript, яка надає простий, але потужний API візуалізації даних через HTML, CSS і SVG. Почніть зі структури, набору даних або алгоритму, змішайте в D3 і ви можете програмно генерувати статичні, анімовані або інтерактивні зображення, які масштабуються під будь-який екран або браузер. Це легко, і після невеликої практики ви будете вражені тим, наскільки чудовими можуть бути ваші результати!</p>
<p>Ви розглянете десятки прикладів із реального світу, зокрема графіки зв&rsquo;язків та динамічні графи мереж, ілюстрації робочого процесу, геопросторові конструкції тощо. Попутно ви отримаєте найкращі методи створення інтерактивної графіки, анімації та представлень даних наживо. Ви також переглянете повністю інтерактивну програму, створену за допомогою D3 та React.</p>
<ul>
<li>Оновлено для D3 v4 та ES6</li>
<li>Багаторазові макети та компоненти</li>
<li>Візуалізація геопросторових даних</li>
<li>Змішаний режим візуалізації</li>
</ul>
<p>Підходить для веб-розробників з навичками HTML, CSS та JavaScript. Не потрібні спеціальні навички аналізу даних.</p>
  
          </div>          
        </li>"
22,1,R_for_data_scince.jpg,https://r4ds.had.co.nz/index.html,"<li class='splide__slide'>
          <div class='book-cover'>
            <div>
              <img src='img/R_for_data_scince.jpg'/>
              <p><a class='link' href='https://r4ds.had.co.nz/index.html' target='_blank'>Книга доступна он-лайн</a></p>
            </div>   
          </div>
          
          <div class='book-description'>
            <p class='book-title'>R for Data Science</p>
            <p class='book-author'>Hadley Wickham, Garrett Grolemund</p>
<p>Дізнайтеся, як використовувати R, щоб перетворити вихідні дані на висновки, знання та розуміння. Ця книга знайомить вас із R, RStudio та tidyverse, колекцією пакетів R, розроблених для спільної роботи, щоб зробити аналіз даних швидким, легким та веселим. Підходить для читачів без попереднього досвіду програмування, <em>R for Data</em><em>Science</em> розроблено, щоб ви могли якнайшвидше зробити аналіз даних.</p>
<p>Автори Хедлі Вікхем і Гарретт Гролемунд проведуть вас через етапи імпорту, чищення, дослідження та моделювання ваших даних і представлення результатів. Ви отримаєте повне розуміння циклу аналізу даних, а також основні інструменти, необхідні для керування деталями. Кожен розділ книги доповнено вправами, які допоможуть вам практикувати те, чого ви навчилися на цьому шляху.</p>
<p>Ви дізнаєтеся про:</p>
<ul>
<li>Чистку &mdash; перетворюйте набори даних у форму, зручну для аналізу</li>
<li>Програму &mdash; ознайомтеся з потужними інструментами R, призначеним для вирішення проблем із даними легше і швидше</li>
<li>Дослідження &mdash; вивчайте дані, створюйте гіпотези та швидко перевіряйте їх</li>
<li>Модель &mdash; зробіть з малої вибірки підсумок, який фіксує справжні &laquo;сигнали&raquo; у вашому наборі даних</li>
<li>Представлення &mdash; вивчіть R Markdown для інтеграції коду та результатів.</li>
</ul>
  
          </div>          
        </li>"
23,1,AdvancedR.png,http://adv-r.had.co.nz/,"<li class='splide__slide'>
          <div class='book-cover'>
            <div>
              <img src='img/AdvancedR.png'/>
              <p><a class='link' href='http://adv-r.had.co.nz/' target='_blank'>Супровідний веб-сайт до книги</a></p>
            </div>   
          </div>
          
          <div class='book-description'>
            <p class='book-title'>Advanced R</p>
            <p class='book-author'>Chapman & Hall</p>

  <p>Книга розрахована насамперед на користувачів R, які хочуть покращити свої навички програмування та розуміння мови. Вона також має бути корисною для програмістів, які приходять до R з інших мов, оскільки пояснює деякі особливості R і показує, що деякі її частини, які здаються жахливими, мають позитивну сторону.</p>
          </div>          
        </li>"
24,6,dv-cover-pupress.jpg,https://socviz.co/,"<li class='splide__slide'>
          <div class='book-cover'>
            <div>
              <img src='img/dv-cover-pupress.jpg'/>
              <p><a class='link' href='https://socviz.co/' target='_blank'>Книга доступна он-лайн</a></p>
            </div>   
          </div>
          
          <div class='book-description'>
            <p class='book-title'>Data Visualization</p>
            <p class='book-author'>Kieran Healy</p>
<p>Ця книга є практичним вступом до принципів і практики дослідження та представлення даних за допомогою R і ggplot. R &mdash; це потужна мова програмування для аналізу даних, яка широко використовується та є у вільному доступі. Вам може бути цікавим дослідженні ggplot якщо раніше ви використовували R, або ви новачок у R і ggplot і просто хочете побудувати графік зі своїх даних. Я не припускаю, що ви маєте якісь попередні знання про R.</p>
<p>Якщо ви будете дотримуватися змісту та прикладів цієї книги, то в кінці ви:</p>
<ul>
<li>Зрозумієте основні принципи ефективної візуалізації даних.</li>
<li>Матимете практичне розуміння того, чому деякі графіки та патерни працюють добре, а інші не є інформативними чи навіть вводять в оману.</li>
<li>Знатимете, як створювати широкий діапазон графіків у R за допомогою ggplot2.</li>
<li>Знатимете, як покращити графік для більш ефективного представлення.</li>
</ul>
  
          </div>          
        </li>"